Date,Open,High,Low,Close
2020-06-11,0.003332,0.0034,0.00234,0.00234
2020-06-12,0.002351,0.00258,0.002341,0.002479
2020-06-13,0.002479,0.002669,0.00241,0.002505
2020-06-14,0.002505,0.002517,0.002288,0.002313
2020-06-15,0.002309,0.00238,0.001961,0.00229
2020-06-16,0.002295,0.002296,0.002155,0.002242
2020-06-17,0.002242,0.00248,0.002168,0.002366
2020-06-18,0.002365,0.00252,0.00225,0.002383
2020-06-19,0.002397,0.002397,0.00226,0.002308
2020-06-20,0.002309,0.002401,0.00228,0.002361
2020-06-21,0.002361,0.002386,0.002293,0.002293
2020-06-22,0.002309,0.002346,0.00229,0.002327
2020-06-23,0.00234,0.00234,0.002244,0.00229
2020-06-24,0.002272,0.002293,0.0021,0.002141
2020-06-25,0.002127,0.002135,0.001989,0.002084
2020-06-26,0.0021,0.002128,0.00195,0.00201
2020-06-27,0.002021,0.002082,0.001824,0.00188
2020-06-28,0.00188,0.001959,0.001801,0.001906
2020-06-29,0.001901,0.001998,0.00187,0.001923
2020-06-30,0.001928,0.001984,0.001832,0.001963
2020-07-01,0.001964,0.002017,0.001892,0.001986
2020-07-02,0.001987,0.002,0.001832,0.001873
2020-07-03,0.001888,0.00195,0.001882,0.001929
2020-07-04,0.001929,0.001945,0.001899,0.001926
2020-07-05,0.001928,0.001973,0.001841,0.001901
2020-07-06,0.001889,0.001947,0.001868,0.001925
2020-07-07,0.001925,0.001978,0.0019,0.001963
2020-07-08,0.001963,0.00223,0.001938,0.002183
2020-07-09,0.002184,0.00254,0.002068,0.00231
2020-07-10,0.002323,0.002414,0.002168,0.002347
2020-07-11,0.002348,0.002532,0.002218,0.002365
2020-07-12,0.002362,0.002506,0.002315,0.002381
2020-07-13,0.002398,0.002412,0.002181,0.002216
2020-07-14,0.002216,0.002264,0.002191,0.002249
2020-07-15,0.002249,0.00228,0.002198,0.002214
2020-07-16,0.002214,0.002739,0.002111,0.002477
2020-07-17,0.002464,0.002584,0.002366,0.002397
2020-07-18,0.002397,0.002477,0.002334,0.002415
2020-07-19,0.00241,0.002555,0.002382,0.002542
2020-07-20,0.002546,0.002801,0.00254,0.002626
2020-07-21,0.002626,0.002635,0.0024,0.002482
2020-07-22,0.002482,0.002742,0.002433,0.002715
2020-07-23,0.002715,0.002873,0.002617,0.00273
2020-07-24,0.002728,0.00287,0.002575,0.002647
2020-07-25,0.002642,0.00285,0.002608,0.002811
2020-07-26,0.00281,0.002855,0.002582,0.00274
2020-07-27,0.002739,0.002761,0.002432,0.002551
2020-07-28,0.002555,0.002898,0.00255,0.002805
2020-07-29,0.002805,0.004396,0.002731,0.00368
2020-07-30,0.003667,0.003675,0.003017,0.003049
2020-07-31,0.003062,0.003168,0.002912,0.002947
2020-08-01,0.002956,0.003149,0.00291,0.002979
2020-08-02,0.002979,0.002979,0.002633,0.002706
2020-08-03,0.002699,0.00278,0.002668,0.002698
2020-08-04,0.002697,0.002849,0.002659,0.002767
2020-08-05,0.002767,0.003044,0.002714,0.002982
2020-08-06,0.00297,0.002985,0.0028,0.002854
2020-08-07,0.002854,0.00288,0.002719,0.00279
2020-08-08,0.002788,0.003,0.00275,0.002925
2020-08-09,0.002907,0.002923,0.002783,0.002894
2020-08-10,0.002879,0.002994,0.002756,0.002992
2020-08-11,0.00299,0.003881,0.0029,0.003311
2020-08-12,0.00332,0.00332,0.003,0.003222
2020-08-13,0.003217,0.003591,0.00305,0.003467
2020-08-14,0.003467,0.004157,0.003175,0.003476
2020-08-15,0.003476,0.003578,0.003191,0.003353
2020-08-16,0.003369,0.003427,0.003248,0.003348
2020-08-17,0.00335,0.00335,0.003202,0.003295
2020-08-18,0.003305,0.003344,0.003075,0.003183
2020-08-19,0.003184,0.003241,0.00293,0.003125
2020-08-20,0.003125,0.003207,0.003038,0.003205
2020-08-21,0.003201,0.003243,0.003029,0.00308
2020-08-22,0.003079,0.00314,0.0028,0.003133
2020-08-23,0.003117,0.003139,0.002997,0.003097
2020-08-24,0.003097,0.003206,0.003053,0.003169
2020-08-25,0.003157,0.003172,0.002791,0.002946
2020-08-26,0.002931,0.003119,0.002857,0.003028
2020-08-27,0.003028,0.003088,0.002792,0.002849
2020-08-28,0.002849,0.003028,0.002849,0.00296
2020-08-29,0.00296,0.003023,0.002902,0.002951
2020-08-30,0.002949,0.00302,0.00292,0.00299
2020-08-31,0.002989,0.002999,0.00288,0.00291
2020-09-01,0.002909,0.003257,0.00289,0.003127
2020-09-02,0.003144,0.003156,0.002777,0.002844
2020-09-03,0.002844,0.002954,0.002274,0.0023
2020-09-04,0.002293,0.002494,0.002239,0.002406
2020-09-05,0.002404,0.002441,0.001993,0.002165
2020-09-06,0.002149,0.002215,0.001882,0.00212
2020-09-07,0.00214,0.002173,0.001902,0.002099
2020-09-08,0.002098,0.002219,0.00202,0.002109
2020-09-09,0.002109,0.002253,0.002028,0.002196
2020-09-10,0.002206,0.002375,0.002206,0.002335
2020-09-11,0.002336,0.002818,0.002315,0.002516
2020-09-12,0.002532,0.002577,0.002293,0.00248
2020-09-13,0.002478,0.0025,0.002208,0.002296
2020-09-14,0.002293,0.002377,0.002233,0.002348
2020-09-15,0.00235,0.002381,0.002182,0.002231
2020-09-16,0.002231,0.002249,0.002116,0.002176
2020-09-17,0.002176,0.002276,0.002076,0.002217
2020-09-18,0.002217,0.002273,0.002125,0.002195
2020-09-19,0.00219,0.002221,0.002173,0.002215
2020-09-20,0.002215,0.002392,0.002161,0.002299
2020-09-21,0.00228,0.002414,0.002001,0.002052
2020-09-22,0.002046,0.002134,0.002001,0.002095
2020-09-23,0.002076,0.00225,0.001918,0.001947
2020-09-24,0.001942,0.00212,0.001937,0.0021
2020-09-25,0.0021,0.00212,0.00203,0.00211
2020-09-26,0.002112,0.00235,0.002044,0.002167
2020-09-27,0.002151,0.00221,0.002082,0.002109
2020-09-28,0.002131,0.002177,0.002102,0.002125
2020-09-29,0.00212,0.002153,0.002068,0.002125
2020-09-30,0.002125,0.002151,0.002043,0.002092
2020-10-01,0.002078,0.00212,0.001975,0.002039
2020-10-02,0.002039,0.00205,0.001927,0.001962
2020-10-03,0.001964,0.002017,0.001961,0.001999
2020-10-04,0.001999,0.002006,0.001935,0.001999
2020-10-05,0.002006,0.002113,0.001982,0.002066
2020-10-06,0.002078,0.002078,0.001936,0.001988
2020-10-07,0.001984,0.002006,0.001906,0.001938
2020-10-08,0.001944,0.002076,0.001925,0.002076
2020-10-09,0.002072,0.00233,0.002061,0.002268
2020-10-10,0.002268,0.002664,0.002258,0.002301
2020-10-11,0.002294,0.002332,0.002215,0.002252
2020-10-12,0.002258,0.002398,0.002238,0.002284
2020-10-13,0.002284,0.002313,0.002189,0.002214
2020-10-14,0.002204,0.002237,0.002145,0.002184
2020-10-15,0.002188,0.002238,0.002142,0.002179
2020-10-16,0.002188,0.002209,0.002013,0.002045
2020-10-17,0.002045,0.002093,0.002015,0.002057
2020-10-18,0.002057,0.002071,0.002009,0.00205
2020-10-19,0.002053,0.002069,0.001985,0.00205
2020-10-20,0.002052,0.002063,0.001951,0.001982
2020-10-21,0.001984,0.002087,0.001983,0.002047
2020-10-22,0.002059,0.00218,0.002019,0.002111
2020-10-23,0.002116,0.002296,0.002099,0.002216
2020-10-24,0.002216,0.002278,0.002161,0.002232
2020-10-25,0.002216,0.002226,0.002112,0.002141
2020-10-26,0.002162,0.002365,0.002087,0.002237
2020-10-27,0.002228,0.002322,0.002132,0.002276
2020-10-28,0.002283,0.002284,0.002097,0.002164
2020-10-29,0.002177,0.002178,0.001812,0.001983
2020-10-30,0.001984,0.002024,0.001832,0.00193
2020-10-31,0.001927,0.00202,0.001874,0.001915
2020-11-01,0.001905,0.001949,0.001873,0.001899
2020-11-02,0.001909,0.002081,0.001866,0.001905
2020-11-03,0.001914,0.001961,0.001783,0.001867
2020-11-04,0.001859,0.001859,0.001758,0.001802
2020-11-05,0.001821,0.001918,0.00178,0.001882
2020-11-06,0.001885,0.002151,0.001873,0.002049
2020-11-07,0.002049,0.00212,0.001896,0.001946
2020-11-08,0.001939,0.002096,0.001934,0.002061
2020-11-09,0.002072,0.0021,0.001945,0.002049
2020-11-10,0.002067,0.002198,0.002039,0.002161
2020-11-11,0.002175,0.00235,0.002053,0.002199
2020-11-12,0.002196,0.002319,0.002132,0.002214
2020-11-13,0.002203,0.002284,0.002161,0.002234
2020-11-14,0.002212,0.00238,0.0021,0.002184
2020-11-15,0.00217,0.002181,0.002055,0.002094
2020-11-16,0.002095,0.00219,0.002022,0.002132
2020-11-17,0.002125,0.002225,0.002032,0.002098
2020-11-18,0.002088,0.002395,0.002062,0.002213
2020-11-19,0.002212,0.002266,0.002084,0.002177
2020-11-20,0.002183,0.002248,0.002108,0.00222
2020-11-21,0.00222,0.0024,0.002147,0.002366
2020-11-22,0.002362,0.002544,0.002207,0.002399
2020-11-23,0.002407,0.0025,0.002312,0.002387
2020-11-24,0.002401,0.00264,0.00234,0.002554
2020-11-25,0.002551,0.002891,0.002468,0.002665
2020-11-26,0.002658,0.0028,0.002101,0.002251
2020-11-27,0.002259,0.002394,0.002117,0.002277
2020-11-28,0.002281,0.002399,0.002226,0.002334
2020-11-29,0.002338,0.002358,0.002278,0.002329
2020-11-30,0.002332,0.002399,0.00228,0.002375
2020-12-01,0.002375,0.002703,0.002251,0.002437
2020-12-02,0.002437,0.0027,0.002381,0.00266
2020-12-03,0.002655,0.002698,0.002503,0.002644
2020-12-04,0.002644,0.0029,0.00237,0.002415
2020-12-05,0.002407,0.002611,0.002376,0.002568
2020-12-06,0.002573,0.002598,0.002451,0.002545
2020-12-07,0.002544,0.002724,0.002506,0.002668
2020-12-08,0.002666,0.0027,0.00242,0.002442
2020-12-09,0.002439,0.002488,0.002231,0.002455
2020-12-10,0.002456,0.002578,0.002359,0.002414
2020-12-11,0.002414,0.00245,0.00218,0.002344
2020-12-12,0.002342,0.002477,0.002338,0.002445
2020-12-13,0.002443,0.002521,0.002402,0.002497
2020-12-14,0.002497,0.002504,0.002384,0.002446
2020-12-15,0.002441,0.0025,0.002373,0.002438
2020-12-16,0.002437,0.002558,0.002369,0.002555
2020-12-17,0.002554,0.002845,0.002457,0.002527
2020-12-18,0.002529,0.002602,0.002436,0.00258
2020-12-19,0.002582,0.00289,0.002538,0.002755
2020-12-20,0.002754,0.002945,0.0026,0.002756
2020-12-21,0.002757,0.002861,0.002427,0.002592
2020-12-22,0.002592,0.002621,0.002335,0.002531
2020-12-23,0.002525,0.00264,0.002124,0.002267
2020-12-24,0.002269,0.002428,0.002075,0.002424
2020-12-25,0.002424,0.002444,0.002218,0.002339
2020-12-26,0.002336,0.002339,0.00224,0.002297
2020-12-27,0.002296,0.002445,0.002174,0.002291
2020-12-28,0.002289,0.002408,0.002272,0.002354
2020-12-29,0.002354,0.002357,0.002091,0.00222
2020-12-30,0.00222,0.002321,0.00216,0.002244
2020-12-31,0.002244,0.00226,0.002152,0.002228
2021-01-01,0.002231,0.0028,0.002211,0.002561
2021-01-02,0.002545,0.002545,0.002315,0.002433
2021-01-03,0.002431,0.002702,0.00235,0.002422
2021-01-04,0.002433,0.003041,0.00195,0.002548
2021-01-05,0.002541,0.002572,0.002337,0.002421
2021-01-06,0.002423,0.002787,0.002365,0.002623
2021-01-07,0.002619,0.002715,0.002539,0.0026
2021-01-08,0.002601,0.00278,0.002324,0.002606
2021-01-09,0.002607,0.003314,0.002571,0.002918
2021-01-10,0.002918,0.002918,0.002468,0.002704
2021-01-11,0.002723,0.00273,0.002035,0.002486
2021-01-12,0.002482,0.00261,0.002279,0.002437
2021-01-13,0.002434,0.002649,0.00235,0.002576
2021-01-14,0.00258,0.002799,0.002507,0.002678
2021-01-15,0.00268,0.002724,0.002468,0.002696
2021-01-16,0.002696,0.003299,0.00261,0.002863
2021-01-17,0.002881,0.002955,0.002601,0.002857
2021-01-18,0.002841,0.00318,0.00266,0.002927
2021-01-19,0.002939,0.00329,0.002919,0.003085
2021-01-20,0.003085,0.003085,0.002747,0.00301
2021-01-21,0.003,0.003013,0.002568,0.00266
2021-01-22,0.002659,0.002838,0.002429,0.002717
2021-01-23,0.002714,0.002749,0.002593,0.002694
2021-01-24,0.002692,0.00292,0.002665,0.002774
2021-01-25,0.002757,0.003,0.002706,0.002765
2021-01-26,0.002762,0.00281,0.002605,0.002736
2021-01-27,0.002729,0.002745,0.002435,0.002552
2021-01-28,0.00255,0.003055,0.002528,0.002933
2021-01-29,0.002928,0.0035,0.002889,0.003081
2021-01-30,0.003095,0.003975,0.003029,0.003391
2021-01-31,0.00339,0.003619,0.002933,0.003178
2021-02-01,0.003183,0.003195,0.002959,0.003113
2021-02-02,0.0031,0.007456,0.003051,0.005136
2021-02-03,0.005134,0.017497,0.00495,0.010474
2021-02-04,0.010471,0.013795,0.009269,0.01
2021-02-05,0.01001,0.011441,0.009153,0.009844
2021-02-06,0.009799,0.010518,0.009228,0.00955
2021-02-07,0.009549,0.00955,0.008115,0.009038
2021-02-08,0.009054,0.009387,0.0083,0.0091
2021-02-09,0.009097,0.010343,0.008701,0.009772
2021-02-10,0.009769,0.010779,0.008646,0.009283
2021-02-11,0.009283,0.010153,0.008988,0.009998
2021-02-12,0.009979,0.011797,0.009951,0.010834
2021-02-13,0.010833,0.01169,0.009931,0.011517
2021-02-14,0.011547,0.011699,0.01015,0.01075
2021-02-15,0.01075,0.010871,0.008523,0.009668
2021-02-16,0.009657,0.010595,0.009501,0.010156
2021-02-17,0.010157,0.010799,0.00941,0.01036
2021-02-18,0.010359,0.0115,0.010163,0.011379
2021-02-19,0.011335,0.01149,0.010504,0.011138
2021-02-20,0.011135,0.0149,0.010601,0.012987
2021-02-21,0.012985,0.01489,0.012,0.013348
2021-02-22,0.01338,0.013446,0.009489,0.011332
2021-02-23,0.011323,0.011558,0.007535,0.0093
2021-02-24,0.0093,0.009603,0.008527,0.009118
2021-02-25,0.009114,0.010443,0.008805,0.008962
2021-02-26,0.00893,0.009497,0.008401,0.008963
2021-02-27,0.008973,0.010927,0.008944,0.009654
2021-02-28,0.009617,0.0103,0.00846,0.009027
2021-03-01,0.009041,0.009999,0.008989,0.009907
2021-03-02,0.009908,0.01,0.009305,0.009554
2021-03-03,0.009569,0.01031,0.00941,0.010261
2021-03-04,0.010262,0.0105,0.009418,0.009872
2021-03-05,0.009833,0.010697,0.009088,0.010579
2021-03-06,0.01059,0.011135,0.0097,0.010831
2021-03-07,0.01083,0.010915,0.010404,0.010754
2021-03-08,0.010764,0.01106,0.010343,0.010991
2021-03-09,0.011038,0.0115,0.010626,0.011484
2021-03-10,0.011483,0.0134,0.010934,0.012367
2021-03-11,0.012331,0.012373,0.011378,0.012028
2021-03-12,0.012027,0.0128,0.011434,0.012584
2021-03-13,0.012625,0.0189,0.01197,0.017565
2021-03-14,0.017501,0.028198,0.017081,0.02159
2021-03-15,0.021552,0.0263,0.019079,0.021103
2021-03-16,0.021102,0.02745,0.019079,0.026164
2021-03-17,0.0261,0.0389,0.024041,0.038565
2021-03-18,0.038565,0.0415,0.0333,0.038236
2021-03-19,0.038269,0.072762,0.03801,0.066988
2021-03-20,0.066968,0.082988,0.058413,0.06
2021-03-21,0.060104,0.067852,0.056685,0.064564
2021-03-22,0.064735,0.064999,0.047191,0.052552
2021-03-23,0.052503,0.062902,0.043763,0.050882
2021-03-24,0.050868,0.066,0.050103,0.053815
2021-03-25,0.053816,0.057013,0.048324,0.050641
2021-03-26,0.050652,0.056,0.0497,0.055821
2021-03-27,0.055828,0.060493,0.054,0.05884
2021-03-28,0.058836,0.0591,0.053114,0.055922
2021-03-29,0.056001,0.059555,0.054043,0.056699
2021-03-30,0.05668,0.06045,0.0552,0.058042
2021-03-31,0.05804,0.070937,0.057427,0.066141
2021-04-01,0.066012,0.0703,0.061213,0.065094
2021-04-02,0.064966,0.088,0.062963,0.084975
2021-04-03,0.084903,0.0877,0.069205,0.071174
2021-04-04,0.071169,0.080548,0.06959,0.076619
2021-04-05,0.076633,0.099672,0.076,0.079651
2021-04-06,0.079648,0.087702,0.07215,0.082201
2021-04-07,0.082013,0.082014,0.05658,0.062249
2021-04-08,0.062168,0.0797,0.062168,0.078145
2021-04-09,0.078107,0.07965,0.072492,0.075946
2021-04-10,0.075982,0.07616,0.068321,0.071072
2021-04-11,0.071044,0.073605,0.063242,0.072119
2021-04-12,0.07214,0.07227,0.066615,0.068016
2021-04-13,0.06794,0.072029,0.064,0.07081
2021-04-14,0.070933,0.070994,0.0593,0.063253
2021-04-15,0.063354,0.0672,0.062855,0.065643
2021-04-16,0.065865,0.06615,0.056833,0.062035
2021-04-17,0.062044,0.073333,0.061576,0.065195
2021-04-18,0.06544,0.069732,0.045,0.056161
2021-04-19,0.05618,0.0571,0.048832,0.05057
2021-04-20,0.0505,0.052,0.041721,0.049359
2021-04-21,0.04923,0.05556,0.048419,0.049018
2021-04-22,0.049126,0.055555,0.042173,0.042405
2021-04-23,0.042411,0.043267,0.03,0.040385
2021-04-24,0.040202,0.048869,0.039081,0.040939
2021-04-25,0.040998,0.0446,0.036946,0.040296
2021-04-26,0.040295,0.047575,0.039426,0.047506
2021-04-27,0.047391,0.056371,0.046338,0.054219
2021-04-28,0.054143,0.054799,0.046315,0.052602
2021-04-29,0.05262,0.05281,0.047311,0.050477
2021-04-30,0.050468,0.062997,0.048558,0.06236
2021-05-01,0.062438,0.062613,0.057186,0.059786
2021-05-02,0.059882,0.059997,0.054505,0.057242
2021-05-03,0.057146,0.058389,0.055014,0.056849
2021-05-04,0.056858,0.056858,0.048071,0.048815
2021-05-05,0.048704,0.056,0.046913,0.053416
2021-05-06,0.053416,0.053742,0.0478,0.050256
2021-05-07,0.050359,0.053462,0.047448,0.050455
2021-05-08,0.050495,0.052119,0.048817,0.049666
2021-05-09,0.049672,0.05016,0.045283,0.04816
2021-05-10,0.0482,0.048991,0.037998,0.041593
2021-05-11,0.041586,0.053589,0.040492,0.04692
2021-05-12,0.046961,0.047941,0.037372,0.038007
2021-05-13,0.037992,0.041266,0.03542,0.03884
2021-05-14,0.0388,0.043522,0.038489,0.040049
2021-05-15,0.040077,0.042901,0.037245,0.037862
2021-05-16,0.037819,0.040524,0.035428,0.037506
2021-05-17,0.037506,0.037608,0.031983,0.034452
2021-05-18,0.034508,0.038,0.034048,0.035873
2021-05-19,0.035845,0.036749,0.0154,0.023204
2021-05-20,0.023206,0.0282,0.020287,0.027554
2021-05-21,0.027546,0.0332,0.022724,0.028818
2021-05-22,0.028894,0.0295,0.025526,0.029405
2021-05-23,0.029417,0.029546,0.018503,0.023297
2021-05-24,0.023345,0.0281,0.021583,0.026466
2021-05-25,0.026533,0.027543,0.022735,0.026061
2021-05-26,0.026078,0.0287,0.025982,0.028546
2021-05-27,0.028624,0.031986,0.026167,0.028738
2021-05-28,0.028758,0.028772,0.023122,0.02451
2021-05-29,0.02451,0.025422,0.021384,0.023121
2021-05-30,0.02311,0.025468,0.021365,0.023976
2021-05-31,0.023925,0.0258,0.022746,0.025664
2021-06-01,0.025638,0.02592,0.023682,0.02487
2021-06-02,0.024868,0.02699,0.024126,0.026242
2021-06-03,0.026244,0.0276,0.025466,0.027123
2021-06-04,0.027135,0.027197,0.023066,0.024876
2021-06-05,0.024851,0.025745,0.023089,0.024096
2021-06-06,0.024033,0.028012,0.02396,0.025944
2021-06-07,0.025863,0.027307,0.023037,0.023365
2021-06-08,0.023355,0.023754,0.020085,0.022381
2021-06-09,0.022352,0.02338,0.02077,0.023347
2021-06-10,0.023378,0.0265,0.022303,0.023246
2021-06-11,0.023275,0.029,0.021505,0.022155
2021-06-12,0.022138,0.022138,0.019861,0.020249
2021-06-13,0.020265,0.023424,0.019421,0.021296
2021-06-14,0.021318,0.024481,0.020725,0.02245
2021-06-15,0.022401,0.023718,0.021854,0.022418
2021-06-16,0.022385,0.02261,0.020313,0.020898
2021-06-17,0.020833,0.021898,0.0201,0.02069
2021-06-18,0.020654,0.020654,0.018569,0.019675
2021-06-19,0.019618,0.020283,0.018876,0.018917
2021-06-20,0.018909,0.019503,0.017394,0.019188
2021-06-21,0.019206,0.019346,0.0136,0.013701
2021-06-22,0.013722,0.014604,0.010541,0.012356
2021-06-23,0.012381,0.0142,0.012081,0.01309
2021-06-24,0.013103,0.014268,0.012292,0.014075
2021-06-25,0.014052,0.015041,0.012706,0.012988
2021-06-26,0.012973,0.013825,0.012467,0.013278
2021-06-27,0.013273,0.014263,0.013046,0.014225
2021-06-28,0.014225,0.01705,0.013827,0.016305
2021-06-29,0.0163,0.018495,0.016154,0.017507
2021-06-30,0.017491,0.018989,0.016417,0.018855
2021-07-01,0.018879,0.023302,0.018729,0.020387
2021-07-02,0.020395,0.023847,0.020172,0.02148
2021-07-03,0.021459,0.0218,0.020204,0.021448
2021-07-04,0.021456,0.022674,0.020516,0.021608
2021-07-05,0.021602,0.02185,0.019616,0.020403
2021-07-06,0.020377,0.021249,0.020057,0.020686
2021-07-07,0.020703,0.021789,0.02005,0.020881
2021-07-08,0.020829,0.021082,0.017786,0.018385
2021-07-09,0.018389,0.018562,0.017,0.0185
2021-07-10,0.018505,0.019303,0.018057,0.018611
2021-07-11,0.0186,0.01945,0.017895,0.019146
2021-07-12,0.019148,0.02087,0.018578,0.019979
2021-07-13,0.020004,0.020004,0.018376,0.0192
2021-07-14,0.0192,0.019215,0.017265,0.018283
2021-07-15,0.018272,0.01845,0.016615,0.017159
2021-07-16,0.01717,0.017306,0.015285,0.015484
2021-07-17,0.015449,0.016718,0.01508,0.016179
2021-07-18,0.016206,0.01669,0.015718,0.016156
2021-07-19,0.016156,0.0174,0.015211,0.01549
2021-07-20,0.01548,0.015956,0.0134,0.014181
2021-07-21,0.014203,0.0154,0.01353,0.015164
2021-07-22,0.015175,0.016092,0.015079,0.015744
2021-07-23,0.015768,0.016065,0.015058,0.016014
2021-07-24,0.016039,0.01693,0.015815,0.016801
2021-07-25,0.0168,0.016839,0.015958,0.016816
2021-07-26,0.016806,0.019505,0.016688,0.019042
2021-07-27,0.019047,0.01935,0.017219,0.019196
2021-07-28,0.019193,0.021061,0.018159,0.019635
2021-07-29,0.019607,0.022555,0.019582,0.020932
2021-07-30,0.020916,0.024366,0.020389,0.023105
2021-07-31,0.023117,0.024129,0.021947,0.023883
2021-08-01,0.023902,0.0248,0.021759,0.022167
2021-08-02,0.02217,0.024396,0.021302,0.022135
2021-08-03,0.022121,0.022211,0.020631,0.021284
2021-08-04,0.021277,0.0235,0.020674,0.023421
2021-08-05,0.023414,0.025432,0.022719,0.024597
2021-08-06,0.024596,0.026105,0.023785,0.025153
2021-08-07,0.025195,0.02611,0.02433,0.02571
2021-08-08,0.02571,0.028746,0.024394,0.025505
2021-08-09,0.02546,0.026938,0.023864,0.026076
2021-08-10,0.026068,0.028089,0.025852,0.026911
2021-08-11,0.02691,0.031,0.026471,0.030071
2021-08-12,0.03008,0.033,0.027221,0.028273
2021-08-13,0.028281,0.031135,0.027738,0.030542
2021-08-14,0.030545,0.031491,0.028835,0.030159
2021-08-15,0.030159,0.030209,0.028201,0.029947
2021-08-16,0.029914,0.03275,0.029561,0.030945
2021-08-17,0.030928,0.033391,0.028153,0.028545
2021-08-18,0.028545,0.03,0.02612,0.027846
2021-08-19,0.027888,0.029318,0.026617,0.029254
2021-08-20,0.029283,0.030438,0.0285,0.030323
2021-08-21,0.030402,0.0316,0.029431,0.029939
2021-08-22,0.029939,0.032168,0.029588,0.031908
2021-08-23,0.031936,0.036,0.031287,0.033571
2021-08-24,0.033613,0.034897,0.029855,0.030731
2021-08-25,0.030753,0.032082,0.029002,0.032011
2021-08-26,0.032011,0.032189,0.02831,0.02908
2021-08-27,0.02909,0.03045,0.02713,0.03042
2021-08-28,0.03039,0.03074,0.02932,0.03067
2021-08-29,0.03065,0.03519,0.02906,0.03405
2021-08-30,0.03405,0.03409,0.03141,0.03169
2021-08-31,0.03165,0.03446,0.03082,0.03299
2021-09-01,0.03297,0.03666,0.03264,0.03538
2021-09-02,0.03535,0.03578,0.03422,0.03484
2021-09-03,0.03483,0.036,0.03422,0.03596
2021-09-04,0.03593,0.05776,0.03557,0.05587
2021-09-05,0.05577,0.05737,0.04224,0.04337
2021-09-06,0.04333,0.04585,0.0404,0.04331
2021-09-07,0.04331,0.04347,0.02862,0.03442
2021-09-08,0.03442,0.03925,0.02903,0.0347
2021-09-09,0.03474,0.0394,0.03385,0.0387
2021-09-10,0.03872,0.03986,0.03314,0.03513
2021-09-11,0.03513,0.03542,0.03356,0.03483
2021-09-12,0.03479,0.03622,0.03337,0.03556
2021-09-13,0.03556,0.03575,0.03091,0.03291
2021-09-14,0.03295,0.0339,0.03225,0.0339
2021-09-15,0.03389,0.03541,0.0331,0.03523
2021-09-16,0.03525,0.03528,0.03315,0.03397
2021-09-17,0.03398,0.0372,0.03311,0.03354
2021-09-18,0.03366,0.03547,0.03295,0.03512
2021-09-19,0.03515,0.03518,0.03277,0.03337
2021-09-20,0.03336,0.03344,0.02689,0.02786
2021-09-21,0.02786,0.02866,0.02418,0.02481
2021-09-22,0.02481,0.02821,0.02405,0.02806
2021-09-23,0.02806,0.02941,0.0269,0.02935
2021-09-24,0.02933,0.02936,0.02449,0.02657
2021-09-25,0.02658,0.02811,0.02522,0.02633
2021-09-26,0.02634,0.02639,0.02395,0.02554
2021-09-27,0.02551,0.02647,0.02478,0.02491
2021-09-28,0.02491,0.02528,0.02323,0.02336
2021-09-29,0.02335,0.02497,0.02304,0.02384
2021-09-30,0.02385,0.02644,0.02374,0.02599
2021-10-01,0.02599,0.02926,0.0255,0.02902
2021-10-02,0.02902,0.03199,0.02898,0.0305
2021-10-03,0.03051,0.03102,0.02911,0.03066
2021-10-04,0.03065,0.03071,0.02824,0.02965
2021-10-05,0.02969,0.0344,0.02922,0.03224
2021-10-06,0.03227,0.03495,0.03146,0.03285
2021-10-07,0.03289,0.03531,0.03172,0.03482
2021-10-08,0.03483,0.04242,0.03418,0.03754
2021-10-09,0.03759,0.04233,0.03517,0.03593
2021-10-10,0.0359,0.0362,0.03321,0.03432
2021-10-11,0.03433,0.03433,0.03193,0.03344
2021-10-12,0.03344,0.03463,0.0298,0.03181
2021-10-13,0.03187,0.03319,0.03075,0.03313
2021-10-14,0.03317,0.03348,0.03245,0.03337
2021-10-15,0.0334,0.03342,0.03037,0.03123
2021-10-16,0.03124,0.03259,0.03092,0.0315
2021-10-17,0.03148,0.03148,0.02871,0.03018
2021-10-18,0.03017,0.03149,0.02907,0.03077
2021-10-19,0.03075,0.03096,0.02952,0.03078
2021-10-20,0.03078,0.03247,0.02991,0.03204
2021-10-21,0.03206,0.03477,0.03092,0.03197
2021-10-22,0.03194,0.03299,0.0312,0.0322
2021-10-23,0.03221,0.03227,0.03108,0.03195
2021-10-24,0.03197,0.03374,0.03001,0.03125
2021-10-25,0.03125,0.03334,0.03107,0.03188
2021-10-26,0.03186,0.032,0.03054,0.03089
2021-10-27,0.0309,0.03109,0.02494,0.02679
2021-10-28,0.02679,0.02832,0.0262,0.02827
2021-10-29,0.02824,0.02997,0.02808,0.02962
2021-10-30,0.02967,0.03118,0.02867,0.03051
2021-10-31,0.03051,0.03418,0.02933,0.03237
2021-11-01,0.03237,0.03242,0.03029,0.03165
2021-11-02,0.03168,0.03396,0.03108,0.0337
2021-11-03,0.03372,0.03484,0.03087,0.0324
2021-11-04,0.03243,0.03314,0.0309,0.03293
2021-11-05,0.03297,0.03321,0.03143,0.0329
2021-11-06,0.03289,0.0347,0.03154,0.03285
2021-11-07,0.03285,0.03339,0.03227,0.03251
2021-11-08,0.0325,0.03251,0.03144,0.03207
2021-11-09,0.03211,0.03295,0.03161,0.03218
2021-11-10,0.03224,0.03265,0.02733,0.02956
2021-11-11,0.02956,0.03052,0.02928,0.03004
2021-11-12,0.03003,0.03077,0.02885,0.02999
2021-11-13,0.02999,0.03082,0.02956,0.03062
2021-11-14,0.0306,0.03074,0.02943,0.03032
2021-11-15,0.03034,0.03189,0.03015,0.0317
2021-11-16,0.0317,0.03174,0.02716,0.02944
2021-11-17,0.02944,0.03397,0.02896,0.03208
2021-11-18,0.03208,0.03435,0.02811,0.02877
2021-11-19,0.02867,0.02997,0.02765,0.02976
2021-11-20,0.02973,0.0336,0.02972,0.03273
2021-11-21,0.03274,0.034,0.03116,0.03132
2021-11-22,0.03132,0.03161,0.02941,0.0302
2021-11-23,0.03018,0.03069,0.0288,0.03048
2021-11-24,0.03051,0.0324,0.02981,0.03195
2021-11-25,0.03197,0.03566,0.0317,0.03508
2021-11-26,0.03511,0.03583,0.02955,0.03054
2021-11-27,0.03052,0.03239,0.0302,0.03152
2021-11-28,0.03151,0.03154,0.02795,0.03049
2021-11-29,0.03045,0.03157,0.03011,0.0312
2021-11-30,0.03119,0.03187,0.0295,0.0301
2021-12-01,0.03017,0.03121,0.02972,0.03025
2021-12-02,0.03022,0.03676,0.02902,0.03568
2021-12-03,0.03569,0.03682,0.02931,0.03046
2021-12-04,0.03039,0.03041,0.01786,0.02556
2021-12-05,0.02557,0.02587,0.02187,0.02289
2021-12-06,0.02291,0.02425,0.02017,0.02398
2021-12-07,0.02393,0.02635,0.02372,0.02487
2021-12-08,0.02486,0.02926,0.02337,0.02607
2021-12-09,0.02608,0.02908,0.02548,0.02719
2021-12-10,0.0272,0.0272,0.02403,0.02421
2021-12-11,0.02419,0.0249,0.02339,0.02469
2021-12-12,0.02471,0.025,0.02339,0.02418
2021-12-13,0.02421,0.02428,0.02055,0.02104
2021-12-14,0.02104,0.02345,0.02024,0.02123
2021-12-15,0.02122,0.02348,0.02005,0.02206
2021-12-16,0.02206,0.02266,0.02152,0.02155
2021-12-17,0.02155,0.02296,0.02091,0.02189
2021-12-18,0.02189,0.02261,0.02139,0.02226
2021-12-19,0.02226,0.02268,0.02174,0.02182
2021-12-20,0.0218,0.02214,0.02049,0.02123
2021-12-21,0.02128,0.0225,0.02095,0.02228
2021-12-22,0.02231,0.023,0.02202,0.02264
2021-12-23,0.02265,0.02451,0.02206,0.02414
2021-12-24,0.02413,0.02545,0.02355,0.02378
2021-12-25,0.02378,0.02478,0.02365,0.02443
2021-12-26,0.02445,0.0247,0.02352,0.02455
2021-12-27,0.02452,0.02525,0.0242,0.02425
2021-12-28,0.02428,0.02428,0.02172,0.02192
2021-12-29,0.02195,0.02245,0.02098,0.02129
2021-12-30,0.02131,0.02218,0.02089,0.02153
2021-12-31,0.02153,0.02202,0.02053,0.02103
2022-01-01,0.02105,0.02182,0.02096,0.02179
2022-01-02,0.02179,0.02394,0.02151,0.02326
2022-01-03,0.02323,0.02378,0.02237,0.02288
2022-01-04,0.0229,0.02356,0.0219,0.02211
2022-01-05,0.02208,0.02296,0.01938,0.0203
2022-01-06,0.0203,0.02054,0.01933,0.02035
2022-01-07,0.02039,0.02041,0.01841,0.0192
2022-01-08,0.01923,0.02024,0.01749,0.01825
2022-01-09,0.01825,0.01909,0.01805,0.01851
2022-01-10,0.01852,0.01893,0.01665,0.01777
2022-01-11,0.01772,0.01875,0.01741,0.0185
2022-01-12,0.01858,0.01972,0.01849,0.01947
2022-01-13,0.01949,0.0202,0.01847,0.01855
2022-01-14,0.01854,0.01887,0.01799,0.01868
2022-01-15,0.01868,0.01914,0.01842,0.01893
2022-01-16,0.01893,0.01913,0.01853,0.01905
2022-01-17,0.01908,0.01923,0.01784,0.01826
2022-01-18,0.01826,0.01843,0.01735,0.01791
2022-01-19,0.0179,0.01793,0.0165,0.0169
2022-01-20,0.01689,0.01785,0.01603,0.01615
2022-01-21,0.01614,0.01636,0.01333,0.01385
2022-01-22,0.01382,0.01411,0.01109,0.01246
2022-01-23,0.01245,0.01358,0.01221,0.01328
2022-01-24,0.01326,0.01343,0.01138,0.01311
2022-01-25,0.0131,0.01345,0.01252,0.01321
2022-01-26,0.01324,0.0145,0.01302,0.01341
2022-01-27,0.01343,0.0143,0.01296,0.0136
2022-01-28,0.01362,0.01445,0.01348,0.01419
2022-01-29,0.01419,0.01562,0.01414,0.01528
2022-01-30,0.0153,0.01551,0.01462,0.0151
2022-01-31,0.01511,0.0155,0.01401,0.01535
2022-02-01,0.01535,0.016,0.01507,0.01515
2022-02-02,0.01518,0.01538,0.01443,0.01466
2022-02-03,0.01463,0.01523,0.01426,0.01515
2022-02-04,0.01515,0.01624,0.01502,0.01616
2022-02-05,0.01619,0.018,0.01605,0.01707
2022-02-06,0.01707,0.01739,0.01627,0.01737
2022-02-07,0.01738,0.01827,0.01685,0.01776
2022-02-08,0.01774,0.0185,0.01621,0.01691
2022-02-09,0.01692,0.01825,0.01632,0.01808
2022-02-10,0.01806,0.0181,0.01647,0.0166
2022-02-11,0.01658,0.01696,0.01523,0.01544
2022-02-12,0.01543,0.01579,0.0149,0.01526
2022-02-13,0.01529,0.01545,0.0145,0.01495
2022-02-14,0.01495,0.01541,0.0143,0.01507
2022-02-15,0.01508,0.01644,0.01508,0.01637
2022-02-16,0.01636,0.01636,0.01544,0.01586
2022-02-17,0.01586,0.01598,0.01417,0.01426
2022-02-18,0.01427,0.01458,0.01371,0.01402
2022-02-19,0.01403,0.01426,0.01329,0.0138
2022-02-20,0.0138,0.01381,0.01275,0.01305
2022-02-21,0.01303,0.01368,0.01175,0.01182
2022-02-22,0.01182,0.01276,0.01154,0.01272
2022-02-23,0.01272,0.01378,0.01244,0.01275
2022-02-24,0.01275,0.0135,0.01118,0.01326
2022-02-25,0.01325,0.01407,0.01263,0.01385
2022-02-26,0.01384,0.01446,0.01351,0.01424
2022-02-27,0.01427,0.01453,0.01306,0.01334
2022-02-28,0.01333,0.01525,0.01316,0.01525
2022-03-01,0.01522,0.01572,0.01491,0.01528
2022-03-02,0.01532,0.01564,0.01444,0.01475
2022-03-03,0.01475,0.01553,0.0141,0.01496
2022-03-04,0.01496,0.01496,0.01346,0.0138
2022-03-05,0.0138,0.01439,0.01335,0.01417
2022-03-06,0.01418,0.01439,0.01339,0.01365
2022-03-07,0.01366,0.01429,0.01311,0.01418
2022-03-08,0.01419,0.01465,0.01368,0.01396
2022-03-09,0.01394,0.01547,0.0138,0.01534
2022-03-10,0.01534,0.01552,0.01384,0.01437
2022-03-11,0.01438,0.0144,0.01344,0.01384
2022-03-12,0.01382,0.01458,0.01352,0.01363
2022-03-13,0.01364,0.01394,0.01294,0.01309
2022-03-14,0.01309,0.0139,0.01294,0.01372
2022-03-15,0.01372,0.0138,0.01294,0.01359
2022-03-16,0.01361,0.01417,0.01334,0.01409
2022-03-17,0.01408,0.01431,0.01367,0.01381
2022-03-18,0.01381,0.0145,0.01345,0.01448
2022-03-19,0.01448,0.01582,0.01441,0.01504
2022-03-20,0.01507,0.01515,0.0146,0.01461
2022-03-21,0.01463,0.01535,0.014,0.01495
2022-03-22,0.01494,0.0157,0.01471,0.01501
2022-03-23,0.01501,0.01633,0.01481,0.01626
2022-03-24,0.01627,0.01653,0.01566,0.01647
2022-03-25,0.01647,0.01728,0.01617,0.01651
2022-03-26,0.01651,0.01858,0.01623,0.01843
2022-03-27,0.01846,0.027,0.01832,0.02118
2022-03-28,0.02119,0.02202,0.01946,0.01999
2022-03-29,0.01999,0.02102,0.0194,0.02002
2022-03-30,0.02001,0.02177,0.01913,0.02131
2022-03-31,0.02129,0.02538,0.02096,0.02166
2022-04-01,0.02167,0.02338,0.02084,0.02292
2022-04-02,0.02289,0.02597,0.02238,0.02348
2022-04-03,0.0235,0.028,0.0235,0.0248
2022-04-04,0.02481,0.02484,0.02114,0.02218
2022-04-05,0.02218,0.02435,0.0217,0.02226
2022-04-06,0.02226,0.02226,0.01893,0.01911
2022-04-07,0.01909,0.02073,0.01886,0.02047
2022-04-08,0.02047,0.021,0.0192,0.01953
2022-04-09,0.01951,0.02064,0.01941,0.02052
2022-04-10,0.02053,0.02057,0.01947,0.01971
2022-04-11,0.01968,0.01979,0.01699,0.01735
2022-04-12,0.01734,0.01862,0.01689,0.01842
2022-04-13,0.01843,0.01928,0.01801,0.01916
2022-04-14,0.0192,0.01937,0.01789,0.01837
2022-04-15,0.0184,0.01906,0.01817,0.01893
2022-04-16,0.01893,0.01903,0.01818,0.01882
2022-04-17,0.01881,0.01888,0.01771,0.01801
2022-04-18,0.01799,0.01872,0.01686,0.01864
2022-04-19,0.01864,0.01935,0.01825,0.01928
2022-04-20,0.01926,0.02019,0.01812,0.0201
2022-04-21,0.02008,0.02081,0.0188,0.01946
2022-04-22,0.01951,0.01976,0.01875,0.01913
2022-04-23,0.01914,0.01937,0.01842,0.01864
2022-04-24,0.01865,0.01959,0.01808,0.01833
2022-04-25,0.01832,0.01855,0.01654,0.01846
2022-04-26,0.01844,0.01871,0.01635,0.01665
2022-04-27,0.01664,0.01731,0.01638,0.01724
2022-04-28,0.01722,0.01741,0.01653,0.017
2022-04-29,0.01701,0.01707,0.01546,0.01567
2022-04-30,0.01567,0.01586,0.01319,0.01376
2022-05-01,0.01375,0.01453,0.01321,0.01428
2022-05-02,0.01428,0.01469,0.01333,0.01398
2022-05-03,0.01398,0.01455,0.01323,0.01356
2022-05-04,0.01356,0.01537,0.0135,0.0151
2022-05-05,0.01511,0.01549,0.01341,0.01405
2022-05-06,0.01404,0.01474,0.01344,0.01433
2022-05-07,0.01434,0.01449,0.01295,0.01356
2022-05-08,0.01354,0.01371,0.01283,0.0132
2022-05-09,0.01323,0.01343,0.01026,0.01035
2022-05-10,0.01033,0.012,0.01001,0.01097
2022-05-11,0.01097,0.01135,0.00808,0.00859
2022-05-12,0.00858,0.01002,0.00662,0.00778
2022-05-13,0.00779,0.00967,0.00773,0.00901
2022-05-14,0.00906,0.01019,0.00867,0.0101
2022-05-15,0.0101,0.01051,0.00916,0.01049
2022-05-16,0.01046,0.01046,0.00932,0.00959
2022-05-17,0.00961,0.01039,0.00955,0.01032
2022-05-18,0.01028,0.01068,0.00879,0.00883
2022-05-19,0.00885,0.00954,0.00845,0.00941
2022-05-20,0.00938,0.00964,0.00872,0.00916
2022-05-21,0.00918,0.00956,0.00895,0.00935
2022-05-22,0.00935,0.01064,0.00929,0.01027
2022-05-23,0.01027,0.01051,0.0094,0.00951
2022-05-24,0.0095,0.01009,0.0091,0.00997
2022-05-25,0.00995,0.01025,0.00962,0.0101
2022-05-26,0.01012,0.01038,0.00895,0.00944
2022-05-27,0.00945,0.00955,0.00869,0.00891
2022-05-28,0.00893,0.0092,0.0087,0.00911
2022-05-29,0.0091,0.00932,0.00885,0.00927
2022-05-30,0.00927,0.01011,0.00917,0.01002
2022-05-31,0.00999,0.01019,0.00942,0.00973
2022-06-01,0.00972,0.01087,0.00913,0.0093
2022-06-02,0.0093,0.01017,0.00926,0.0101
2022-06-03,0.01012,0.01019,0.00942,0.00964
2022-06-04,0.00961,0.00986,0.00941,0.00986
2022-06-05,0.00988,0.0104,0.00966,0.0102
2022-06-06,0.01021,0.0108,0.01012,0.01061
2022-06-07,0.0106,0.01075,0.00969,0.01003
2022-06-08,0.01004,0.01023,0.00966,0.0097
2022-06-09,0.00971,0.0099,0.00947,0.00954
2022-06-10,0.00954,0.00955,0.00867,0.00878
2022-06-11,0.00875,0.0092,0.00805,0.00813
2022-06-12,0.00812,0.00823,0.0072,0.00722
2022-06-13,0.00719,0.00727,0.00589,0.00615
2022-06-14,0.00619,0.00647,0.00547,0.00622
2022-06-15,0.0062,0.00671,0.00551,0.00669
2022-06-16,0.00669,0.00772,0.00608,0.0062
2022-06-17,0.00621,0.00693,0.00613,0.00665
2022-06-18,0.00663,0.00716,0.00547,0.00612
2022-06-19,0.00612,0.0065,0.00567,0.00644
2022-06-20,0.00645,0.00771,0.00629,0.00685
2022-06-21,0.00684,0.00746,0.0067,0.00695
2022-06-22,0.00698,0.00698,0.00657,0.00661
2022-06-23,0.00664,0.00729,0.00662,0.00698
2022-06-24,0.00698,0.00725,0.00696,0.00718
2022-06-25,0.00713,0.00722,0.00677,0.00711
2022-06-26,0.0071,0.00726,0.00671,0.00675
2022-06-27,0.00676,0.00753,0.00664,0.00694
2022-06-28,0.00695,0.00788,0.00676,0.00691
2022-06-29,0.0069,0.00778,0.00683,0.00761
2022-06-30,0.00762,0.00766,0.00658,0.00716
2022-07-01,0.00714,0.011,0.00706,0.00734
2022-07-02,0.00737,0.00755,0.00693,0.00735
2022-07-03,0.00734,0.00747,0.00687,0.00709
2022-07-04,0.00709,0.00728,0.00688,0.00724
2022-07-05,0.00726,0.0074,0.00681,0.00702
2022-07-06,0.00702,0.00731,0.00684,0.00725
2022-07-07,0.00723,0.0077,0.00711,0.0075
2022-07-08,0.0075,0.0079,0.00745,0.00763
2022-07-09,0.00764,0.00805,0.00759,0.00785
2022-07-10,0.00785,0.00795,0.00752,0.00774
2022-07-11,0.00773,0.00774,0.00699,0.00703
2022-07-12,0.00701,0.00702,0.00657,0.0066
2022-07-13,0.00659,0.00721,0.00655,0.00713
2022-07-14,0.00714,0.00777,0.00704,0.00761
2022-07-15,0.00762,0.00763,0.00723,0.00744
2022-07-16,0.00744,0.00785,0.0074,0.00776
2022-07-17,0.00776,0.0079,0.00754,0.00757
2022-07-18,0.00757,0.00821,0.00757,0.00809
2022-07-19,0.00811,0.00877,0.00806,0.00855
2022-07-20,0.00856,0.00878,0.00792,0.00796
2022-07-21,0.00797,0.00807,0.0076,0.00791
2022-07-22,0.0079,0.0081,0.00757,0.00767
2022-07-23,0.00768,0.00788,0.00743,0.00769
2022-07-24,0.00768,0.00797,0.00767,0.00781
2022-07-25,0.00783,0.00786,0.0073,0.00731
2022-07-26,0.0073,0.00732,0.00697,0.00725
2022-07-27,0.00725,0.00774,0.00712,0.00773
2022-07-28,0.00775,0.00831,0.00761,0.00818
2022-07-29,0.0082,0.00837,0.00788,0.00817
2022-07-30,0.00816,0.00855,0.00799,0.00804
2022-07-31,0.00805,0.01216,0.008,0.00964
2022-08-01,0.00962,0.00967,0.00873,0.00884
2022-08-02,0.00884,0.00897,0.0083,0.00859
2022-08-03,0.0086,0.00899,0.0084,0.00865
2022-08-04,0.00865,0.00888,0.00848,0.00865
2022-08-05,0.00864,0.0089,0.00864,0.0089
2022-08-06,0.00889,0.0094,0.00885,0.00907
2022-08-07,0.00907,0.00926,0.0089,0.00898
2022-08-08,0.00899,0.00929,0.00895,0.0091
2022-08-09,0.0091,0.00919,0.00836,0.00851
2022-08-10,0.0085,0.00957,0.00834,0.00926
2022-08-11,0.00926,0.01899,0.00922,0.01005
2022-08-12,0.01005,0.01026,0.00975,0.01003
2022-08-13,0.01003,0.01013,0.00978,0.00986
2022-08-14,0.00987,0.01022,0.00951,0.00969
2022-08-15,0.00969,0.01068,0.00961,0.00981
2022-08-16,0.00979,0.01012,0.0097,0.00998
2022-08-17,0.00999,0.01014,0.009341,0.00941
2022-08-18,0.00941,0.009467,0.0087,0.008905
2022-08-19,0.008903,0.008905,0.007698,0.007839
2022-08-20,0.007833,0.008319,0.007753,0.00799
2022-08-21,0.008002,0.008319,0.007973,0.008265
2022-08-22,0.008286,0.008286,0.007749,0.008127
2022-08-23,0.008141,0.008339,0.007868,0.008295
2022-08-24,0.0083,0.009058,0.008163,0.008289
2022-08-25,0.008297,0.008778,0.008297,0.008701
2022-08-26,0.0087,0.008841,0.007704,0.007771
2022-08-27,0.007771,0.007854,0.007416,0.007563
2022-08-28,0.007556,0.00772,0.007242,0.007293
2022-08-29,0.007296,0.007667,0.00713,0.007641
2022-08-30,0.007636,0.008268,0.007389,0.008203
2022-08-31,0.008204,0.008253,0.007836,0.007939
2022-09-01,0.007936,0.008039,0.007461,0.007731
2022-09-02,0.00772,0.00789,0.00755,0.00769
2022-09-03,0.007684,0.007753,0.007587,0.007664
2022-09-04,0.00766,0.008082,0.00766,0.007999
2022-09-05,0.008003,0.008077,0.007713,0.007877
2022-09-06,0.007881,0.007996,0.007236,0.007246
2022-09-07,0.007233,0.007579,0.007156,0.007498
2022-09-08,0.007505,0.008011,0.007453,0.007945
2022-09-09,0.007944,0.008305,0.007879,0.008138
2022-09-10,0.008141,0.008259,0.00796,0.008091
2022-09-11,0.008085,0.00842,0.007955,0.008235
2022-09-12,0.008239,0.008462,0.007893,0.007934
2022-09-13,0.007947,0.008361,0.007306,0.007354
2022-09-14,0.007344,0.007486,0.007009,0.007279
2022-09-15,0.007278,0.007449,0.006778,0.007066
2022-09-16,0.007077,0.007521,0.006956,0.007406
2022-09-17,0.007414,0.007654,0.007407,0.007582
2022-09-18,0.007578,0.007639,0.006951,0.007085
2022-09-19,0.007079,0.007328,0.006777,0.007154
2022-09-20,0.007151,0.00743,0.006953,0.00711
2022-09-21,0.007106,0.007354,0.006838,0.006915
2022-09-22,0.006916,0.0073,0.006914,0.007236
2022-09-23,0.007248,0.007382,0.007007,0.007292
2022-09-24,0.0073,0.007448,0.007225,0.007253
2022-09-25,0.00725,0.007375,0.006965,0.007066
2022-09-26,0.007071,0.00722,0.006938,0.007177
2022-09-27,0.007177,0.007474,0.007052,0.007158
2022-09-28,0.007148,0.007254,0.00692,0.007174
2022-09-29,0.007174,0.007244,0.007021,0.007237
2022-09-30,0.007238,0.007364,0.007163,0.007296
2022-10-01,0.007292,0.007292,0.007098,0.007175
2022-10-02,0.00718,0.00721,0.006967,0.007001
2022-10-03,0.007001,0.007224,0.00693,0.007217
2022-10-04,0.007213,0.007392,0.007134,0.007366
2022-10-05,0.007365,0.007372,0.00711,0.007255
2022-10-06,0.00725,0.00737,0.007165,0.007214
2022-10-07,0.007217,0.007293,0.007031,0.007154
2022-10-08,0.007163,0.007491,0.007151,0.007315
2022-10-09,0.007315,0.007844,0.00731,0.007507
2022-10-10,0.007518,0.007532,0.007073,0.007078
2022-10-11,0.007081,0.007199,0.006833,0.006866
2022-10-12,0.006858,0.007001,0.006857,0.006883
2022-10-13,0.006873,0.006886,0.00611,0.00663
2022-10-14,0.006617,0.006805,0.006421,0.006502
2022-10-15,0.006494,0.006605,0.006466,0.006546
2022-10-16,0.00654,0.006732,0.00654,0.006627
2022-10-17,0.006619,0.00679,0.006556,0.006765
2022-10-18,0.006773,0.006983,0.006585,0.006673
2022-10-19,0.006691,0.00672,0.006382,0.006422
2022-10-20,0.006425,0.0066,0.006365,0.006431
2022-10-21,0.006431,0.006508,0.00622,0.006474
2022-10-22,0.006476,0.006572,0.006428,0.006505
2022-10-23,0.006513,0.006649,0.006402,0.006629
2022-10-24,0.00664,0.006658,0.006415,0.00657
2022-10-25,0.006573,0.006861,0.00653,0.006777
2022-10-26,0.006782,0.006912,0.006739,0.006882
2022-10-27,0.006877,0.007085,0.006682,0.006724
2022-10-28,0.006718,0.006868,0.006566,0.006802
2022-10-29,0.0068,0.007211,0.0068,0.006984
2022-10-30,0.006986,0.007085,0.006752,0.00683
2022-10-31,0.00682,0.006914,0.006691,0.006797
2022-11-01,0.006783,0.0077,0.006775,0.007133
2022-11-02,0.007133,0.007157,0.006602,0.006739
2022-11-03,0.006732,0.006917,0.006671,0.006791
2022-11-04,0.006812,0.007241,0.006777,0.007241
2022-11-05,0.007241,0.007614,0.007189,0.007311
2022-11-06,0.007293,0.007376,0.006921,0.006942
2022-11-07,0.006932,0.007326,0.0069,0.007144
2022-11-08,0.007116,0.007166,0.005101,0.005749
2022-11-09,0.005746,0.005792,0.004048,0.004183
2022-11-10,0.004208,0.005269,0.004124,0.005125
2022-11-11,0.005099,0.005249,0.004594,0.005246
2022-11-12,0.00526,0.005272,0.004776,0.004882
2022-11-13,0.004885,0.005008,0.00451,0.00466
2022-11-14,0.004669,0.004815,0.004357,0.004657
2022-11-15,0.004678,0.005214,0.004633,0.004908
2022-11-16,0.004906,0.005233,0.004846,0.00493
2022-11-17,0.004918,0.00604,0.00487,0.005121
2022-11-18,0.005116,0.005171,0.005007,0.005092
2022-11-19,0.005085,0.0055,0.005065,0.005329
2022-11-20,0.005332,0.006219,0.004883,0.004915
2022-11-21,0.004925,0.005022,0.004727,0.004856
2022-11-22,0.00484,0.005142,0.004738,0.005125
2022-11-23,0.00513,0.005319,0.005104,0.005268
2022-11-24,0.005282,0.005567,0.005103,0.005314
2022-11-25,0.00532,0.005334,0.0051,0.005198
2022-11-26,0.005192,0.005359,0.005182,0.00526
2022-11-27,0.00525,0.005332,0.00511,0.005125
2022-11-28,0.005123,0.005269,0.004813,0.005005
2022-11-29,0.005014,0.005397,0.004957,0.005213
2022-11-30,0.005209,0.005385,0.00518,0.005333
2022-12-01,0.005356,0.005387,0.00521,0.005263
2022-12-02,0.005263,0.005679,0.005103,0.005319
2022-12-03,0.005314,0.006899,0.00523,0.005314
2022-12-04,0.005321,0.005344,0.005169,0.005334
2022-12-05,0.005323,0.005366,0.005138,0.005216
2022-12-06,0.005217,0.005239,0.005054,0.005169
2022-12-07,0.005167,0.005185,0.004935,0.005011
2022-12-08,0.005015,0.005067,0.004929,0.005054
2022-12-09,0.005049,0.005229,0.005016,0.005141
2022-12-10,0.005134,0.005295,0.005095,0.00522
2022-12-11,0.005215,0.005223,0.005041,0.005054
2022-12-12,0.005054,0.005054,0.004823,0.004954
2022-12-13,0.004954,0.00535,0.004766,0.005114
2022-12-14,0.005111,0.005349,0.004995,0.005054
2022-12-15,0.005045,0.005715,0.004773,0.004806
2022-12-16,0.004805,0.004827,0.004165,0.004247
2022-12-17,0.004244,0.00426,0.004003,0.004219
2022-12-18,0.004219,0.004292,0.004111,0.004146
2022-12-19,0.004153,0.004189,0.00377,0.003919
2022-12-20,0.003921,0.00418,0.003896,0.004158
2022-12-21,0.004149,0.004219,0.004059,0.004174
2022-12-22,0.004192,0.0042,0.004002,0.00413
2022-12-23,0.004127,0.004207,0.004107,0.004193
2022-12-24,0.004193,0.004198,0.004125,0.004147
2022-12-25,0.004145,0.004171,0.004063,0.004128
2022-12-26,0.004129,0.004135,0.00407,0.004107
2022-12-27,0.004107,0.004117,0.003923,0.003956
2022-12-28,0.003955,0.003955,0.003622,0.003659
2022-12-29,0.003658,0.003658,0.003472,0.003569
2022-12-30,0.003565,0.003574,0.003371,0.003481
2022-12-31,0.003481,0.003586,0.003463,0.003523
2023-01-01,0.003522,0.00359,0.00349,0.003572
2023-01-02,0.003577,0.003742,0.003495,0.003683
2023-01-03,0.003686,0.003778,0.003651,0.003737
2023-01-04,0.003739,0.003875,0.003712,0.003831
2023-01-05,0.00383,0.00384,0.003723,0.003763
2023-01-06,0.003763,0.00382,0.003613,0.003816
2023-01-07,0.003815,0.003836,0.003755,0.003784
2023-01-08,0.003786,0.003932,0.003748,0.003913
2023-01-09,0.003913,0.004154,0.003899,0.004019
2023-01-10,0.004028,0.004326,0.003978,0.00421
2023-01-11,0.00421,0.004268,0.004056,0.00424
2023-01-12,0.004242,0.004369,0.004125,0.004349
2023-01-13,0.004362,0.004606,0.004355,0.004589
2023-01-14,0.004588,0.004949,0.004517,0.00483
2023-01-15,0.004843,0.00546,0.004843,0.005327
2023-01-16,0.005327,0.005333,0.00493,0.005136
2023-01-17,0.005138,0.005351,0.005008,0.005235
2023-01-18,0.005235,0.005437,0.004757,0.004778
2023-01-19,0.004781,0.00503,0.004781,0.004992
2023-01-20,0.004988,0.005319,0.004892,0.005312
2023-01-21,0.005312,0.005465,0.005142,0.005276
2023-01-22,0.005276,0.005513,0.005142,0.005299
2023-01-23,0.005289,0.005513,0.005203,0.005488
2023-01-24,0.005485,0.006453,0.005277,0.005361
2023-01-25,0.005378,0.005965,0.005186,0.00563
2023-01-26,0.005627,0.005675,0.005378,0.005543
2023-01-27,0.005547,0.005889,0.005371,0.005826
2023-01-28,0.005838,0.005878,0.005563,0.005657
2023-01-29,0.005636,0.006171,0.005577,0.006084
2023-01-30,0.00608,0.00608,0.005264,0.005426
2023-01-31,0.005425,0.00549,0.005287,0.005453
2023-02-01,0.005454,0.005947,0.00517,0.005828
2023-02-02,0.005836,0.006191,0.005745,0.006001
2023-02-03,0.006006,0.006434,0.005958,0.006424
2023-02-04,0.006438,0.006509,0.006168,0.006434
2023-02-05,0.006428,0.006682,0.00603,0.006374
2023-02-06,0.006367,0.006433,0.006157,0.006296
2023-02-07,0.006307,0.00652,0.006136,0.006476
2023-02-08,0.006475,0.007945,0.00647,0.006982
2023-02-09,0.00697,0.006988,0.00584,0.005959
2023-02-10,0.005971,0.006033,0.005722,0.005928
2023-02-11,0.005931,0.00616,0.005883,0.006114
2023-02-12,0.006115,0.00672,0.005985,0.006098
2023-02-13,0.006096,0.006211,0.005615,0.005838
2023-02-14,0.005832,0.006024,0.005644,0.005979
2023-02-15,0.005983,0.007554,0.005923,0.007121
2023-02-16,0.007131,0.0082,0.007035,0.007152
2023-02-17,0.007163,0.007382,0.007007,0.007316
2023-02-18,0.007312,0.007312,0.007013,0.007143
2023-02-19,0.007143,0.00716,0.006763,0.00698
2023-02-20,0.00698,0.007444,0.006867,0.007336
2023-02-21,0.007344,0.007661,0.006945,0.00727
2023-02-22,0.007259,0.007296,0.006791,0.007143
2023-02-23,0.007151,0.007158,0.006874,0.007006
2023-02-24,0.007002,0.007183,0.006722,0.007004
2023-02-25,0.007004,0.007021,0.006524,0.006773
2023-02-26,0.006767,0.007284,0.006757,0.007201
2023-02-27,0.007206,0.007213,0.006814,0.006966
2023-02-28,0.006966,0.006999,0.006693,0.00676
2023-03-01,0.00677,0.007037,0.006727,0.00701
2023-03-02,0.007013,0.00702,0.006617,0.006757
2023-03-03,0.006757,0.00676,0.00599,0.006188
2023-03-04,0.006188,0.006262,0.005965,0.006094
2023-03-05,0.00609,0.006388,0.006082,0.006154
2023-03-06,0.006145,0.006145,0.005893,0.006017
2023-03-07,0.006022,0.006445,0.005866,0.006042
2023-03-08,0.006051,0.006275,0.005826,0.005884
2023-03-09,0.005887,0.005887,0.005132,0.005286
2023-03-10,0.005286,0.005292,0.004948,0.005242
2023-03-11,0.005244,0.00541,0.005014,0.005224
2023-03-12,0.005229,0.005593,0.004972,0.005564
2023-03-13,0.005572,0.006129,0.005331,0.005989
2023-03-14,0.006003,0.006391,0.005811,0.006174
2023-03-15,0.006183,0.006386,0.005667,0.005803
2023-03-16,0.005794,0.005945,0.005706,0.005915
2023-03-17,0.005914,0.006398,0.005828,0.006387
2023-03-18,0.00639,0.006414,0.005997,0.006063
2023-03-19,0.006072,0.006345,0.006032,0.006236
2023-03-20,0.00624,0.006326,0.005907,0.005974
2023-03-21,0.005989,0.006133,0.005693,0.006027
2023-03-22,0.006028,0.006028,0.005446,0.005609
2023-03-23,0.005608,0.005872,0.005512,0.005816
2023-03-24,0.005814,0.005825,0.005501,0.005587
2023-03-25,0.005593,0.005669,0.005455,0.005549
2023-03-26,0.005548,0.005705,0.005537,0.005663
2023-03-27,0.005663,0.005715,0.005166,0.005305
2023-03-28,0.005307,0.005407,0.005179,0.005364
2023-03-29,0.005363,0.005729,0.005363,0.005669
2023-03-30,0.005663,0.005765,0.005464,0.005564
2023-03-31,0.005563,0.00569,0.00534,0.00566
2023-04-01,0.00566,0.005954,0.00566,0.005898
2023-04-02,0.005895,0.005943,0.005537,0.005679
2023-04-03,0.005678,0.005732,0.005456,0.005624
2023-04-04,0.005637,0.005858,0.005551,0.005819
2023-04-05,0.005813,0.006325,0.005761,0.006275
2023-04-06,0.006281,0.0072,0.005946,0.006104
2023-04-07,0.006106,0.006159,0.005833,0.00597
2023-04-08,0.005973,0.00608,0.005904,0.005979
2023-04-09,0.005984,0.005987,0.005793,0.00595
2023-04-10,0.005948,0.006087,0.005768,0.006061
2023-04-11,0.006074,0.006178,0.005947,0.005999
2023-04-12,0.005999,0.006016,0.005769,0.005956
2023-04-13,0.005955,0.006064,0.005835,0.006038
2023-04-14,0.006047,0.006209,0.005935,0.006117
2023-04-15,0.006116,0.006127,0.005975,0.006092
2023-04-16,0.006098,0.006314,0.005966,0.006207
2023-04-17,0.006201,0.006211,0.005888,0.005948
2023-04-18,0.005951,0.006078,0.005878,0.006061
2023-04-19,0.006059,0.006063,0.005378,0.00549
2023-04-20,0.005494,0.005648,0.0054,0.005525
2023-04-21,0.005519,0.005752,0.00535,0.005421
2023-04-22,0.005422,0.005506,0.005365,0.005489
2023-04-23,0.00549,0.005558,0.005318,0.005432
2023-04-24,0.005432,0.005622,0.00527,0.005466
2023-04-25,0.005461,0.005636,0.005226,0.005577
2023-04-26,0.005578,0.006097,0.00542,0.005611
2023-04-27,0.005605,0.005821,0.005419,0.005548
2023-04-28,0.005548,0.006174,0.005449,0.005816
2023-04-29,0.00582,0.006685,0.005775,0.00584
2023-04-30,0.005844,0.006083,0.005519,0.005548
2023-05-01,0.005548,0.005551,0.00524,0.005283
2023-05-02,0.005286,0.005393,0.005225,0.005331
2023-05-03,0.005332,0.005356,0.005162,0.005306
2023-05-04,0.005303,0.005319,0.005217,0.005266
2023-05-05,0.005275,0.005365,0.00522,0.005358
2023-05-06,0.005352,0.005535,0.005124,0.005418
2023-05-07,0.005419,0.006541,0.005219,0.005246
2023-05-08,0.005243,0.005392,0.004599,0.004731
2023-05-09,0.004731,0.00504,0.004652,0.004756
2023-05-10,0.00475,0.004886,0.00453,0.00483
2023-05-11,0.00483,0.004835,0.004553,0.004686
2023-05-12,0.004679,0.004681,0.004341,0.004572
2023-05-13,0.00457,0.004599,0.004476,0.004514
2023-05-14,0.004516,0.004568,0.004446,0.004528
2023-05-15,0.004527,0.004596,0.004458,0.00457
2023-05-16,0.00457,0.004613,0.00449,0.004602
2023-05-17,0.004602,0.004677,0.004501,0.004646
2023-05-18,0.004647,0.00467,0.004502,0.00459
2023-05-19,0.00459,0.004657,0.004555,0.004627
2023-05-20,0.004629,0.004703,0.00462,0.004701
2023-05-21,0.004698,0.004698,0.004523,0.004546
2023-05-22,0.004546,0.004585,0.004419,0.004507
2023-05-23,0.004506,0.004617,0.004487,0.004549
2023-05-24,0.00454,0.004542,0.004218,0.004278
2023-05-25,0.00428,0.0043,0.00413,0.004229
2023-05-26,0.00423,0.004296,0.004175,0.004272
2023-05-27,0.004268,0.004328,0.004232,0.004307
2023-05-28,0.004298,0.004471,0.004283,0.004439
2023-05-29,0.00444,0.004452,0.004322,0.004341
2023-05-30,0.004342,0.004417,0.004319,0.004373
2023-05-31,0.004365,0.004409,0.004203,0.004251
2023-06-01,0.00425,0.004279,0.004166,0.004181
2023-06-02,0.004183,0.004353,0.004137,0.004342
2023-06-03,0.004341,0.004419,0.00429,0.004333
2023-06-04,0.004334,0.004396,0.004298,0.00432
2023-06-05,0.004318,0.004318,0.003881,0.003922
2023-06-06,0.003921,0.004061,0.003811,0.004035
2023-06-07,0.004034,0.004221,0.003831,0.003902
2023-06-08,0.003904,0.003945,0.003774,0.003917
2023-06-09,0.003915,0.004179,0.00385,0.004028
2023-06-10,0.004026,0.004026,0.003002,0.003496
2023-06-11,0.003494,0.003617,0.003469,0.003538
2023-06-12,0.003536,0.003572,0.00338,0.003544
2023-06-13,0.003549,0.003582,0.003417,0.003492
2023-06-14,0.003495,0.003523,0.003242,0.00333
2023-06-15,0.00333,0.003434,0.003238,0.003398
2023-06-16,0.003401,0.003484,0.003326,0.003473
2023-06-17,0.003473,0.003527,0.003435,0.003485
2023-06-18,0.003489,0.003495,0.003386,0.003418
2023-06-19,0.003419,0.003488,0.003359,0.003482
2023-06-20,0.00348,0.0036,0.003398,0.003575
2023-06-21,0.003578,0.003818,0.003551,0.003801
2023-06-22,0.003798,0.003961,0.003748,0.003772
2023-06-23,0.003771,0.003984,0.003758,0.003959
2023-06-24,0.003963,0.004067,0.003928,0.004043
2023-06-25,0.004044,0.004163,0.003946,0.004003
2023-06-26,0.004007,0.004152,0.003813,0.003917
2023-06-27,0.003919,0.004026,0.003893,0.003996
2023-06-28,0.003998,0.003998,0.003698,0.003708
2023-06-29,0.003711,0.003806,0.003689,0.00374
2023-06-30,0.003738,0.003939,0.003537,0.003901
2023-07-01,0.003909,0.00403,0.003867,0.004028
2023-07-02,0.004031,0.0041,0.003908,0.003989
2023-07-03,0.003989,0.00417,0.003956,0.004158
2023-07-04,0.004155,0.004265,0.004066,0.004218
2023-07-05,0.004217,0.00448,0.004122,0.00421
2023-07-06,0.004212,0.004213,0.003949,0.003953
2023-07-07,0.003956,0.004082,0.003902,0.004071
2023-07-08,0.004071,0.004082,0.003932,0.004027
2023-07-09,0.004026,0.004148,0.003998,0.004053
2023-07-10,0.004057,0.004252,0.003908,0.004183
2023-07-11,0.004183,0.005294,0.003934,0.004169
2023-07-12,0.00417,0.004175,0.004028,0.004072
2023-07-13,0.004072,0.004256,0.004009,0.004231
2023-07-14,0.004231,0.00439,0.0041,0.004234
2023-07-15,0.004233,0.004435,0.004198,0.004366
2023-07-16,0.004368,0.004516,0.00419,0.004225
2023-07-17,0.004221,0.004757,0.004214,0.004626
2023-07-18,0.004626,0.005209,0.004357,0.004911
2023-07-19,0.004913,0.005362,0.004628,0.004768
2023-07-20,0.004768,0.004907,0.004659,0.004787
2023-07-21,0.004788,0.006588,0.004686,0.006241
2023-07-22,0.006241,0.00943,0.005366,0.009002
2023-07-23,0.009,0.015428,0.006749,0.007084
2023-07-24,0.007084,0.00782,0.006055,0.00655
2023-07-25,0.006552,0.00665,0.005868,0.006012
2023-07-26,0.006008,0.006553,0.005662,0.00591
2023-07-27,0.005908,0.006136,0.005605,0.00569
2023-07-28,0.005691,0.007777,0.00567,0.006569
2023-07-29,0.006564,0.008006,0.006515,0.007679
2023-07-30,0.00768,0.0082,0.006501,0.006645
2023-07-31,0.006644,0.006905,0.006061,0.006204
2023-08-01,0.006204,0.006204,0.0058,0.006148
2023-08-02,0.006149,0.00674,0.006056,0.006293
2023-08-03,0.006293,0.00687,0.006016,0.006823
2023-08-04,0.006826,0.00777,0.00665,0.007554
2023-08-05,0.007546,0.007573,0.00672,0.006877
2023-08-06,0.006875,0.007266,0.006551,0.006763
2023-08-07,0.006761,0.007188,0.006582,0.006958
2023-08-08,0.006959,0.00705,0.00663,0.006764
2023-08-09,0.006764,0.006843,0.006438,0.006548
2023-08-10,0.006551,0.006554,0.006277,0.006383
2023-08-11,0.006383,0.007398,0.006383,0.007161
2023-08-12,0.007161,0.007232,0.006723,0.006799
2023-08-13,0.006803,0.00696,0.006645,0.006768
2023-08-14,0.006768,0.006837,0.006631,0.006721
2023-08-15,0.006725,0.00685,0.00631,0.006533
2023-08-16,0.006532,0.006541,0.005648,0.005746
2023-08-17,0.005746,0.005759,0.00418,0.004883
2023-08-18,0.004885,0.005319,0.004733,0.005267
2023-08-19,0.005267,0.005383,0.005188,0.005283
2023-08-20,0.005284,0.005451,0.005136,0.005227
2023-08-21,0.00523,0.005682,0.005225,0.005454
2023-08-22,0.005453,0.005639,0.005073,0.005316
2023-08-23,0.005322,0.005435,0.005163,0.005361
2023-08-24,0.005362,0.005387,0.0052,0.005269
2023-08-25,0.005263,0.005265,0.005011,0.005164
2023-08-26,0.005161,0.005291,0.005144,0.005174
2023-08-27,0.005174,0.005534,0.005168,0.005374
2023-08-28,0.005376,0.005377,0.005052,0.005123
2023-08-29,0.005121,0.005209,0.00487,0.00518
2023-08-30,0.005178,0.005187,0.004958,0.004999
2023-08-31,0.004999,0.005001,0.004696,0.004752
2023-09-01,0.004753,0.004885,0.004602,0.004647
2023-09-02,0.00465,0.004707,0.004419,0.004666
2023-09-03,0.004666,0.00544,0.004654,0.005099
2023-09-04,0.005096,0.005146,0.004832,0.004925
2023-09-05,0.004925,0.004932,0.004667,0.004813
2023-09-06,0.004814,0.00492,0.004728,0.004822
2023-09-07,0.004819,0.004881,0.004712,0.004827
2023-09-08,0.004829,0.004903,0.004751,0.004882
2023-09-09,0.004885,0.004885,0.004808,0.004821
2023-09-10,0.004822,0.00495,0.004678,0.004747
2023-09-11,0.004747,0.004763,0.004454,0.004549
2023-09-12,0.004551,0.004609,0.00449,0.004577
2023-09-13,0.004577,0.004791,0.004525,0.004757
2023-09-14,0.00476,0.00643,0.00476,0.00613
2023-09-15,0.006134,0.006925,0.005721,0.006704
2023-09-16,0.006704,0.00775,0.006129,0.00701
2023-09-17,0.007007,0.007123,0.005352,0.005454
2023-09-18,0.005455,0.005739,0.005199,0.005583
2023-09-19,0.005584,0.007,0.005403,0.00682
2023-09-20,0.006814,0.00747,0.006425,0.006756
2023-09-21,0.006757,0.00687,0.005831,0.006213
2023-09-22,0.006213,0.007008,0.006003,0.00674
2023-09-23,0.006742,0.007965,0.00664,0.007468
2023-09-24,0.007467,0.007467,0.006511,0.006656
2023-09-25,0.006658,0.007026,0.006205,0.006941
2023-09-26,0.00694,0.00773,0.006856,0.007393
2023-09-27,0.007393,0.007525,0.006918,0.007322
2023-09-28,0.007327,0.007338,0.006952,0.007169
2023-09-29,0.007172,0.007326,0.006616,0.0069
2023-09-30,0.006901,0.007024,0.006562,0.00665
2023-10-01,0.00665,0.007147,0.006579,0.006998
2023-10-02,0.006996,0.007094,0.0066,0.006728
2023-10-03,0.006734,0.00675,0.00628,0.006305
2023-10-04,0.006305,0.006438,0.006058,0.006438
2023-10-05,0.006437,0.00679,0.006236,0.006665
2023-10-06,0.006665,0.007254,0.006658,0.00717
2023-10-07,0.007164,0.007232,0.006779,0.006884
2023-10-08,0.006877,0.006963,0.006601,0.006685
2023-10-09,0.006686,0.006739,0.006265,0.006507
2023-10-10,0.006509,0.00655,0.006236,0.006279
2023-10-11,0.006283,0.006739,0.006282,0.00658
2023-10-12,0.00658,0.006583,0.006275,0.00646
2023-10-13,0.006453,0.006616,0.006309,0.006549
2023-10-14,0.006547,0.00655,0.006402,0.006482
2023-10-15,0.006481,0.006656,0.00636,0.006603
2023-10-16,0.006604,0.006881,0.006489,0.006776
2023-10-17,0.006775,0.007446,0.006621,0.00731
2023-10-18,0.007309,0.007312,0.006491,0.006597
2023-10-19,0.006597,0.00668,0.006188,0.0063
2023-10-20,0.006302,0.006532,0.006081,0.00649
2023-10-21,0.00649,0.00662,0.006383,0.006558
2023-10-22,0.006557,0.00659,0.006332,0.006525
2023-10-23,0.006528,0.006826,0.006369,0.006685
2023-10-24,0.006699,0.00708,0.006588,0.006932
2023-10-25,0.006937,0.007156,0.006734,0.007097
2023-10-26,0.007099,0.00715,0.006662,0.006936
2023-10-27,0.006937,0.007296,0.00673,0.007084
2023-10-28,0.007081,0.007375,0.006972,0.007287
2023-10-29,0.007282,0.007783,0.007047,0.007442
2023-10-30,0.007445,0.007899,0.00727,0.007875
2023-10-31,0.007874,0.0084,0.00716,0.007809
2023-11-01,0.007807,0.0089,0.007685,0.00886
2023-11-02,0.008861,0.009284,0.008321,0.008589
2023-11-03,0.008593,0.008605,0.007881,0.008259
2023-11-04,0.008263,0.008706,0.00801,0.00863
2023-11-05,0.008646,0.009062,0.008126,0.00855
2023-11-06,0.008535,0.008537,0.008092,0.008314
